


-- ----------------------------
-- Records of t_user
-- ----------------------------
BEGIN;
INSERT INTO `t_user`
VALUES ('16739222421508096', '', '2018-06-06 18:48:02', '', '2018-10-08 00:04:32', '',
        'https://s1.ax1x.com/2018/05/19/CcdVQP.png', '', '1012139570@qq.com', '18782059033', '',
        '$2a$10$PS04ecXfknNd3V8d.ymLTObQciapMU4xU8.GADBZZsuTZr7ymnagy', '男', 0, 0, 'test2', 0, '40652338142121984', '',
        '弱');
INSERT INTO `t_user`
VALUES ('4363087427670016', '', '2018-05-03 15:09:42', '', '2018-10-08 00:04:46', '[\"510000\",\"510100\",\"510114\"]',
        'https://s1.ax1x.com/2018/05/19/CcdVQP.png', '', '1012139570@qq.com', '18782059033', '',
        '$2a$10$PS04ecXfknNd3V8d.ymLTObQciapMU4xU8.GADBZZsuTZr7ymnagy', '男', 0, 0, 'test', 0, '40652338142121984', '',
        '弱');
INSERT INTO `t_user`
VALUES ('682265633886208', '', '2018-05-01 16:13:51', 'admin', '2018-11-14 21:52:20',
        '[\"510000\",\"510100\",\"510104\"]', 'http://p77xsahe9.bkt.clouddn.com/788eb3e78206429eb34fc7cd3e1e46f4.jpg',
        'test', '2549575805@qq.com', '18782059038', 'Exrick',
        '$2a$10$PS04ecXfknNd3V8d.ymLTObQciapMU4xU8.GADBZZsuTZr7ymnagy', '男', 0, 1, 'admin', 0, '40322777781112832',
        '天府1街', '弱');
COMMIT;


-- ----------------------------
-- Records of t_user_role
-- ----------------------------
BEGIN;
INSERT INTO `t_user_role`
VALUES ('61392579396112384', NULL, '2018-10-08 00:04:32', 0, NULL, '2018-10-08 00:04:32', '16457350655250432',
        '16739222421508096');
INSERT INTO `t_user_role`
VALUES ('61392637076180992', NULL, '2018-10-08 00:04:46', 0, NULL, '2018-10-08 00:04:46', '496138616573953',
        '4363087427670016');
INSERT INTO `t_user_role`
VALUES ('70669807116095488', NULL, '2018-11-02 14:28:56', 0, NULL, '2018-11-02 14:28:56', '496138616573952',
        '682265633886208');
INSERT INTO `t_user_role`
VALUES ('75424516313976832', 'admin', '2018-11-15 17:22:27', 0, 'admin', '2018-11-15 17:22:27', '496138616573952',
        '682265633886209');
INSERT INTO `t_user_role`
VALUES ('75424516414640128', 'admin', '2018-11-15 17:22:27', 0, 'admin', '2018-11-15 17:22:27', '496138616573953',
        '682265633886209');
COMMIT;


-- ----------------------------
-- Records of t_role
-- ----------------------------
BEGIN;
INSERT INTO `t_role`
VALUES ('16457350655250432', '', '2018-06-06 00:08:00', 'admin', '2018-11-02 20:42:24', 'ROLE_TEST', 0, NULL,
        '测试权限按钮显示', 1);
INSERT INTO `t_role`
VALUES ('496138616573952', '', '2018-04-22 23:03:49', 'admin', '2018-11-15 23:02:59', 'ROLE_ADMIN', 0, NULL,
        '超级管理员 拥有所有权限', 0);
INSERT INTO `t_role`
VALUES ('496138616573953', '', '2018-05-02 21:40:03', 'admin', '2018-11-01 22:59:48', 'ROLE_USER', 0, b'1',
        '普通注册用户 路过看看', 0);
COMMIT;




-- ----------------------------
-- Records of t_role_department
-- ----------------------------
BEGIN;
INSERT INTO `t_role_department`
VALUES ('70763874256687105', 'admin', '2018-11-02 20:42:43', 0, 'admin', '2018-11-02 20:42:43', '40322777781112832',
        '16457350655250432');
INSERT INTO `t_role_department`
VALUES ('70763874265075712', 'admin', '2018-11-02 20:42:43', 0, 'admin', '2018-11-02 20:42:43', '40322811096469504',
        '16457350655250432');
INSERT INTO `t_role_department`
VALUES ('70763874277658624', 'admin', '2018-11-02 20:42:43', 0, 'admin', '2018-11-02 20:42:43', '40322852833988608',
        '16457350655250432');
COMMIT;



-- ----------------------------
-- Records of t_role_permission
-- ----------------------------
BEGIN;
INSERT INTO `t_role_permission`
VALUES ('121427266973470720', 'admin', '2019-03-22 16:00:57', 0, 'admin', '2019-03-22 16:00:57', '5129710648430592',
        '496138616573953');
INSERT INTO `t_role_permission`
VALUES ('121427266977665024', 'admin', '2019-03-22 16:00:57', 0, 'admin', '2019-03-22 16:00:57', '5129710648430593',
        '496138616573953');
INSERT INTO `t_role_permission`
VALUES ('121427266986053632', 'admin', '2019-03-22 16:00:57', 0, 'admin', '2019-03-22 16:00:57', '40238597734928384',
        '496138616573953');
INSERT INTO `t_role_permission`
VALUES ('121427266990247936', 'admin', '2019-03-22 16:00:57', 0, 'admin', '2019-03-22 16:00:57', '43117268627886080',
        '496138616573953');
INSERT INTO `t_role_permission`
VALUES ('121427266994442241', 'admin', '2019-03-22 16:00:57', 0, 'admin', '2019-03-22 16:00:57', '57009744761589760',
        '496138616573953');
INSERT INTO `t_role_permission`
VALUES ('121427266998636545', 'admin', '2019-03-22 16:00:57', 0, 'admin', '2019-03-22 16:00:57', '56309618086776832',
        '496138616573953');
INSERT INTO `t_role_permission`
VALUES ('121427267007025152', 'admin', '2019-03-22 16:00:57', 0, 'admin', '2019-03-22 16:00:57', '44986029924421632',
        '496138616573953');
INSERT INTO `t_role_permission`
VALUES ('121427267011219456', 'admin', '2019-03-22 16:00:57', 0, 'admin', '2019-03-22 16:00:57', '5129710648430594',
        '496138616573953');
INSERT INTO `t_role_permission`
VALUES ('121427267019608064', 'admin', '2019-03-22 16:00:57', 0, 'admin', '2019-03-22 16:00:57', '5129710648430595',
        '496138616573953');
INSERT INTO `t_role_permission`
VALUES ('121427267023802368', 'admin', '2019-03-22 16:00:57', 0, 'admin', '2019-03-22 16:00:57', '75002207560273920',
        '496138616573953');
INSERT INTO `t_role_permission`
VALUES ('121427267027996672', 'admin', '2019-03-22 16:00:57', 0, 'admin', '2019-03-22 16:00:57', '58480609315524608',
        '496138616573953');
INSERT INTO `t_role_permission`
VALUES ('121427267032190976', 'admin', '2019-03-22 16:00:57', 0, 'admin', '2019-03-22 16:00:57', '76606430504816640',
        '496138616573953');
INSERT INTO `t_role_permission`
VALUES ('121427267036385280', 'admin', '2019-03-22 16:00:57', 0, 'admin', '2019-03-22 16:00:57', '81558529864896512',
        '496138616573953');
INSERT INTO `t_role_permission`
VALUES ('121427267040579584', 'admin', '2019-03-22 16:00:57', 0, 'admin', '2019-03-22 16:00:57', '81716172680073216',
        '496138616573953');
INSERT INTO `t_role_permission`
VALUES ('121427267044773888', 'admin', '2019-03-22 16:00:57', 0, 'admin', '2019-03-22 16:00:57', '82269650301227008',
        '496138616573953');
INSERT INTO `t_role_permission`
VALUES ('121427267048968192', 'admin', '2019-03-22 16:00:57', 0, 'admin', '2019-03-22 16:00:57', '81319435670917120',
        '496138616573953');
INSERT INTO `t_role_permission`
VALUES ('121427267053162497', 'admin', '2019-03-22 16:00:57', 0, 'admin', '2019-03-22 16:00:57', '117806106536841216',
        '496138616573953');
INSERT INTO `t_role_permission`
VALUES ('121427267061551104', 'admin', '2019-03-22 16:00:57', 0, 'admin', '2019-03-22 16:00:57', '76914082455752704',
        '496138616573953');
INSERT INTO `t_role_permission`
VALUES ('121427267065745408', 'admin', '2019-03-22 16:00:57', 0, 'admin', '2019-03-22 16:00:57', '76607201262702592',
        '496138616573953');
INSERT INTO `t_role_permission`
VALUES ('121427267069939712', 'admin', '2019-03-22 16:00:57', 0, 'admin', '2019-03-22 16:00:57', '80539147005071360',
        '496138616573953');
INSERT INTO `t_role_permission`
VALUES ('121427267074134016', 'admin', '2019-03-22 16:00:57', 0, 'admin', '2019-03-22 16:00:57', '39915540965232640',
        '496138616573953');
INSERT INTO `t_role_permission`
VALUES ('121427267074134018', 'admin', '2019-03-22 16:00:57', 0, 'admin', '2019-03-22 16:00:57', '41370251991977984',
        '496138616573953');
INSERT INTO `t_role_permission`
VALUES ('121427267078328321', 'admin', '2019-03-22 16:00:57', 0, 'admin', '2019-03-22 16:00:57', '41363147411427328',
        '496138616573953');
INSERT INTO `t_role_permission`
VALUES ('121427267082522625', 'admin', '2019-03-22 16:00:57', 0, 'admin', '2019-03-22 16:00:57', '41371711400054784',
        '496138616573953');
INSERT INTO `t_role_permission`
VALUES ('121427267086716929', 'admin', '2019-03-22 16:00:57', 0, 'admin', '2019-03-22 16:00:57', '39916171171991552',
        '496138616573953');
INSERT INTO `t_role_permission`
VALUES ('121427267090911233', 'admin', '2019-03-22 16:00:57', 0, 'admin', '2019-03-22 16:00:57', '39918482854252544',
        '496138616573953');
INSERT INTO `t_role_permission`
VALUES ('121427267095105537', 'admin', '2019-03-22 16:00:57', 0, 'admin', '2019-03-22 16:00:57', '41373430515240960',
        '496138616573953');
INSERT INTO `t_role_permission`
VALUES ('121427267099299841', 'admin', '2019-03-22 16:00:57', 0, 'admin', '2019-03-22 16:00:57', '41375330996326400',
        '496138616573953');
INSERT INTO `t_role_permission`
VALUES ('121427267103494145', 'admin', '2019-03-22 16:00:57', 0, 'admin', '2019-03-22 16:00:57', '42082442672082944',
        '496138616573953');
INSERT INTO `t_role_permission`
VALUES ('121427267107688449', 'admin', '2019-03-22 16:00:57', 0, 'admin', '2019-03-22 16:00:57', '41378916912336896',
        '496138616573953');
INSERT INTO `t_role_permission`
VALUES ('121427267111882753', 'admin', '2019-03-22 16:00:58', 0, 'admin', '2019-03-22 16:00:58', '63741744973352960',
        '496138616573953');
INSERT INTO `t_role_permission`
VALUES ('121427267120271360', 'admin', '2019-03-22 16:00:58', 0, 'admin', '2019-03-22 16:00:58', '41376192166629376',
        '496138616573953');
INSERT INTO `t_role_permission`
VALUES ('121427267124465664', 'admin', '2019-03-22 16:00:58', 0, 'admin', '2019-03-22 16:00:58', '41377034236071936',
        '496138616573953');
INSERT INTO `t_role_permission`
VALUES ('121427267128659968', 'admin', '2019-03-22 16:00:58', 0, 'admin', '2019-03-22 16:00:58', '56911328312299520',
        '496138616573953');
INSERT INTO `t_role_permission`
VALUES ('121427267132854272', 'admin', '2019-03-22 16:00:58', 0, 'admin', '2019-03-22 16:00:58', '63482475359244288',
        '496138616573953');
INSERT INTO `t_role_permission`
VALUES ('121427267137048576', 'admin', '2019-03-22 16:00:58', 0, 'admin', '2019-03-22 16:00:58', '64290663792906240',
        '496138616573953');
INSERT INTO `t_role_permission`
VALUES ('121427267141242880', 'admin', '2019-03-22 16:00:58', 0, 'admin', '2019-03-22 16:00:58', '66790433014943744',
        '496138616573953');
INSERT INTO `t_role_permission`
VALUES ('121427267145437184', 'admin', '2019-03-22 16:00:58', 0, 'admin', '2019-03-22 16:00:58', '42087054753927168',
        '496138616573953');
INSERT INTO `t_role_permission`
VALUES ('121427267149631488', 'admin', '2019-03-22 16:00:58', 0, 'admin', '2019-03-22 16:00:58', '102235632889237504',
        '496138616573953');
INSERT INTO `t_role_permission`
VALUES ('121427267153825792', 'admin', '2019-03-22 16:00:58', 0, 'admin', '2019-03-22 16:00:58', '102237605176807424',
        '496138616573953');
INSERT INTO `t_role_permission`
VALUES ('121427267158020097', 'admin', '2019-03-22 16:00:58', 0, 'admin', '2019-03-22 16:00:58', '102240052523831296',
        '496138616573953');
INSERT INTO `t_role_permission`
VALUES ('121427267162214401', 'admin', '2019-03-22 16:00:58', 0, 'admin', '2019-03-22 16:00:58', '103658022701633536',
        '496138616573953');
INSERT INTO `t_role_permission`
VALUES ('121427267166408705', 'admin', '2019-03-22 16:00:58', 0, 'admin', '2019-03-22 16:00:58', '67027338952445952',
        '496138616573953');
INSERT INTO `t_role_permission`
VALUES ('121427267170603009', 'admin', '2019-03-22 16:00:58', 0, 'admin', '2019-03-22 16:00:58', '67027909637836800',
        '496138616573953');
INSERT INTO `t_role_permission`
VALUES ('121427267174797313', 'admin', '2019-03-22 16:00:58', 0, 'admin', '2019-03-22 16:00:58', '67042515441684480',
        '496138616573953');
INSERT INTO `t_role_permission`
VALUES ('121427267178991617', 'admin', '2019-03-22 16:00:58', 0, 'admin', '2019-03-22 16:00:58', '67082402312228864',
        '496138616573953');
INSERT INTO `t_role_permission`
VALUES ('121427267183185921', 'admin', '2019-03-22 16:00:58', 0, 'admin', '2019-03-22 16:00:58', '113602149589454848',
        '496138616573953');
INSERT INTO `t_role_permission`
VALUES ('121427267187380225', 'admin', '2019-03-22 16:00:58', 0, 'admin', '2019-03-22 16:00:58', '113602342657462272',
        '496138616573953');
INSERT INTO `t_role_permission`
VALUES ('121427267195768832', 'admin', '2019-03-22 16:00:58', 0, 'admin', '2019-03-22 16:00:58', '113603512293658624',
        '496138616573953');
INSERT INTO `t_role_permission`
VALUES ('121427267199963136', 'admin', '2019-03-22 16:00:58', 0, 'admin', '2019-03-22 16:00:58', '113603617897844736',
        '496138616573953');
INSERT INTO `t_role_permission`
VALUES ('121427267204157441', 'admin', '2019-03-22 16:00:58', 0, 'admin', '2019-03-22 16:00:58', '16392452747300864',
        '496138616573953');
INSERT INTO `t_role_permission`
VALUES ('121427267208351745', 'admin', '2019-03-22 16:00:58', 0, 'admin', '2019-03-22 16:00:58', '16392767785668608',
        '496138616573953');
INSERT INTO `t_role_permission`
VALUES ('121427267212546049', 'admin', '2019-03-22 16:00:58', 0, 'admin', '2019-03-22 16:00:58', '16438800255291392',
        '496138616573953');
INSERT INTO `t_role_permission`
VALUES ('121427267216740353', 'admin', '2019-03-22 16:00:58', 0, 'admin', '2019-03-22 16:00:58', '16438962738434048',
        '496138616573953');
INSERT INTO `t_role_permission`
VALUES ('121427267220934657', 'admin', '2019-03-22 16:00:58', 0, 'admin', '2019-03-22 16:00:58', '16439068543946752',
        '496138616573953');
INSERT INTO `t_role_permission`
VALUES ('154305600237342720', 'admin', '2019-06-21 09:27:43', 0, 'admin', '2019-06-21 09:27:43', '125909152017944576',
        '496138616573952');
INSERT INTO `t_role_permission`
VALUES ('154305600291868672', 'admin', '2019-06-21 09:27:43', 0, 'admin', '2019-06-21 09:27:43', '5129710648430592',
        '496138616573952');
INSERT INTO `t_role_permission`
VALUES ('154305600304451584', 'admin', '2019-06-21 09:27:43', 0, 'admin', '2019-06-21 09:27:43', '5129710648430593',
        '496138616573952');
INSERT INTO `t_role_permission`
VALUES ('154305600312840192', 'admin', '2019-06-21 09:27:43', 0, 'admin', '2019-06-21 09:27:43', '15701400130424832',
        '496138616573952');
INSERT INTO `t_role_permission`
VALUES ('154305600321228800', 'admin', '2019-06-21 09:27:43', 0, 'admin', '2019-06-21 09:27:43', '16678126574637056',
        '496138616573952');
INSERT INTO `t_role_permission`
VALUES ('154305600329617408', 'admin', '2019-06-21 09:27:43', 0, 'admin', '2019-06-21 09:27:43', '15701915807518720',
        '496138616573952');
INSERT INTO `t_role_permission`
VALUES ('154305600338006017', 'admin', '2019-06-21 09:27:43', 0, 'admin', '2019-06-21 09:27:43', '15708892205944832',
        '496138616573952');
INSERT INTO `t_role_permission`
VALUES ('154305600346394625', 'admin', '2019-06-21 09:27:43', 0, 'admin', '2019-06-21 09:27:43', '16678447719911424',
        '496138616573952');
INSERT INTO `t_role_permission`
VALUES ('154305600354783233', 'admin', '2019-06-21 09:27:43', 0, 'admin', '2019-06-21 09:27:43', '25014528525733888',
        '496138616573952');
INSERT INTO `t_role_permission`
VALUES ('154305600363171840', 'admin', '2019-06-21 09:27:43', 0, 'admin', '2019-06-21 09:27:43', '56898976661639168',
        '496138616573952');
INSERT INTO `t_role_permission`
VALUES ('154305600371560449', 'admin', '2019-06-21 09:27:43', 0, 'admin', '2019-06-21 09:27:43', '40238597734928384',
        '496138616573952');
INSERT INTO `t_role_permission`
VALUES ('154305600384143360', 'admin', '2019-06-21 09:27:43', 0, 'admin', '2019-06-21 09:27:43', '45235621697949696',
        '496138616573952');
INSERT INTO `t_role_permission`
VALUES ('154305600392531968', 'admin', '2019-06-21 09:27:43', 0, 'admin', '2019-06-21 09:27:43', '45235787867885568',
        '496138616573952');
INSERT INTO `t_role_permission`
VALUES ('154305600400920577', 'admin', '2019-06-21 09:27:43', 0, 'admin', '2019-06-21 09:27:43', '45235939278065664',
        '496138616573952');
INSERT INTO `t_role_permission`
VALUES ('154305600409309185', 'admin', '2019-06-21 09:27:43', 0, 'admin', '2019-06-21 09:27:43', '43117268627886080',
        '496138616573952');
INSERT INTO `t_role_permission`
VALUES ('154305600421892096', 'admin', '2019-06-21 09:27:43', 0, 'admin', '2019-06-21 09:27:43', '45236734832676864',
        '496138616573952');
INSERT INTO `t_role_permission`
VALUES ('154305600434475008', 'admin', '2019-06-21 09:27:43', 0, 'admin', '2019-06-21 09:27:43', '45237010692050944',
        '496138616573952');
INSERT INTO `t_role_permission`
VALUES ('154305600442863616', 'admin', '2019-06-21 09:27:43', 0, 'admin', '2019-06-21 09:27:43', '45237170029465600',
        '496138616573952');
INSERT INTO `t_role_permission`
VALUES ('154305600455446528', 'admin', '2019-06-21 09:27:43', 0, 'admin', '2019-06-21 09:27:43', '57009544286441472',
        '496138616573952');
INSERT INTO `t_role_permission`
VALUES ('154305600463835136', 'admin', '2019-06-21 09:27:43', 0, 'admin', '2019-06-21 09:27:43', '57009744761589760',
        '496138616573952');
INSERT INTO `t_role_permission`
VALUES ('154305600472223744', 'admin', '2019-06-21 09:27:43', 0, 'admin', '2019-06-21 09:27:43', '57009981228060672',
        '496138616573952');
INSERT INTO `t_role_permission`
VALUES ('154305600480612352', 'admin', '2019-06-21 09:27:43', 0, 'admin', '2019-06-21 09:27:43', '56309618086776832',
        '496138616573952');
INSERT INTO `t_role_permission`
VALUES ('154305600489000960', 'admin', '2019-06-21 09:27:43', 0, 'admin', '2019-06-21 09:27:43', '57212882168844288',
        '496138616573952');
INSERT INTO `t_role_permission`
VALUES ('154305600497389568', 'admin', '2019-06-21 09:27:43', 0, 'admin', '2019-06-21 09:27:43', '61560041605435392',
        '496138616573952');
INSERT INTO `t_role_permission`
VALUES ('154305600505778177', 'admin', '2019-06-21 09:27:43', 0, 'admin', '2019-06-21 09:27:43', '61560275261722624',
        '496138616573952');
INSERT INTO `t_role_permission`
VALUES ('154305600514166785', 'admin', '2019-06-21 09:27:43', 0, 'admin', '2019-06-21 09:27:43', '61560480518377472',
        '496138616573952');
INSERT INTO `t_role_permission`
VALUES ('154305600526749696', 'admin', '2019-06-21 09:27:43', 0, 'admin', '2019-06-21 09:27:43', '44986029924421632',
        '496138616573952');
INSERT INTO `t_role_permission`
VALUES ('154305600535138304', 'admin', '2019-06-21 09:27:43', 0, 'admin', '2019-06-21 09:27:43', '45235228800716800',
        '496138616573952');
INSERT INTO `t_role_permission`
VALUES ('154305600539332609', 'admin', '2019-06-21 09:27:43', 0, 'admin', '2019-06-21 09:27:43', '45069342940860416',
        '496138616573952');
INSERT INTO `t_role_permission`
VALUES ('154305600547721217', 'admin', '2019-06-21 09:27:43', 0, 'admin', '2019-06-21 09:27:43', '5129710648430594',
        '496138616573952');
INSERT INTO `t_role_permission`
VALUES ('154305600556109825', 'admin', '2019-06-21 09:27:43', 0, 'admin', '2019-06-21 09:27:43', '16687383932047360',
        '496138616573952');
INSERT INTO `t_role_permission`
VALUES ('154305600564498433', 'admin', '2019-06-21 09:27:43', 0, 'admin', '2019-06-21 09:27:43', '16689632049631232',
        '496138616573952');
INSERT INTO `t_role_permission`
VALUES ('154305600572887040', 'admin', '2019-06-21 09:27:43', 0, 'admin', '2019-06-21 09:27:43', '16689745006432256',
        '496138616573952');
INSERT INTO `t_role_permission`
VALUES ('154305600581275649', 'admin', '2019-06-21 09:27:43', 0, 'admin', '2019-06-21 09:27:43', '16689883993083904',
        '496138616573952');
INSERT INTO `t_role_permission`
VALUES ('154305600589664256', 'admin', '2019-06-21 09:27:43', 0, 'admin', '2019-06-21 09:27:43', '16690313745666048',
        '496138616573952');
INSERT INTO `t_role_permission`
VALUES ('154305600598052864', 'admin', '2019-06-21 09:27:43', 0, 'admin', '2019-06-21 09:27:43', '5129710648430595',
        '496138616573952');
INSERT INTO `t_role_permission`
VALUES ('154305600606441472', 'admin', '2019-06-21 09:27:43', 0, 'admin', '2019-06-21 09:27:43', '16694861252005888',
        '496138616573952');
INSERT INTO `t_role_permission`
VALUES ('154305600614830080', 'admin', '2019-06-21 09:27:43', 0, 'admin', '2019-06-21 09:27:43', '16695107491205120',
        '496138616573952');
INSERT INTO `t_role_permission`
VALUES ('154305600623218688', 'admin', '2019-06-21 09:27:43', 0, 'admin', '2019-06-21 09:27:43', '16695243126607872',
        '496138616573952');
INSERT INTO `t_role_permission`
VALUES ('154305600631607296', 'admin', '2019-06-21 09:27:43', 0, 'admin', '2019-06-21 09:27:43', '75002207560273920',
        '496138616573952');
INSERT INTO `t_role_permission`
VALUES ('154305600639995904', 'admin', '2019-06-21 09:27:43', 0, 'admin', '2019-06-21 09:27:43', '76215889006956544',
        '496138616573952');
INSERT INTO `t_role_permission`
VALUES ('154305600648384512', 'admin', '2019-06-21 09:27:43', 0, 'admin', '2019-06-21 09:27:43', '76216071333351424',
        '496138616573952');
INSERT INTO `t_role_permission`
VALUES ('154305600656773120', 'admin', '2019-06-21 09:27:43', 0, 'admin', '2019-06-21 09:27:43', '76216264070008832',
        '496138616573952');
INSERT INTO `t_role_permission`
VALUES ('154305600665161728', 'admin', '2019-06-21 09:27:43', 0, 'admin', '2019-06-21 09:27:43', '76216459709124608',
        '496138616573952');
INSERT INTO `t_role_permission`
VALUES ('154305600673550336', 'admin', '2019-06-21 09:27:43', 0, 'admin', '2019-06-21 09:27:43', '76216594207870976',
        '496138616573952');
INSERT INTO `t_role_permission`
VALUES ('154305600681938945', 'admin', '2019-06-21 09:27:43', 0, 'admin', '2019-06-21 09:27:43', '76216702639017984',
        '496138616573952');
INSERT INTO `t_role_permission`
VALUES ('154305600690327553', 'admin', '2019-06-21 09:27:43', 0, 'admin', '2019-06-21 09:27:43', '58480609315524608',
        '496138616573952');
INSERT INTO `t_role_permission`
VALUES ('154305600698716160', 'admin', '2019-06-21 09:27:43', 0, 'admin', '2019-06-21 09:27:43', '61394706252173312',
        '496138616573952');
INSERT INTO `t_role_permission`
VALUES ('154305600707104768', 'admin', '2019-06-21 09:27:43', 0, 'admin', '2019-06-21 09:27:43', '61417744146370560',
        '496138616573952');
INSERT INTO `t_role_permission`
VALUES ('154305600715493376', 'admin', '2019-06-21 09:27:43', 0, 'admin', '2019-06-21 09:27:43', '76606430504816640',
        '496138616573952');
INSERT INTO `t_role_permission`
VALUES ('154305600723881984', 'admin', '2019-06-21 09:27:43', 0, 'admin', '2019-06-21 09:27:43', '81558529864896512',
        '496138616573952');
INSERT INTO `t_role_permission`
VALUES ('154305600732270593', 'admin', '2019-06-21 09:27:43', 0, 'admin', '2019-06-21 09:27:43', '84082369492946944',
        '496138616573952');
INSERT INTO `t_role_permission`
VALUES ('154305600744853504', 'admin', '2019-06-21 09:27:43', 0, 'admin', '2019-06-21 09:27:43', '84082920431554560',
        '496138616573952');
INSERT INTO `t_role_permission`
VALUES ('154305600753242112', 'admin', '2019-06-21 09:27:43', 0, 'admin', '2019-06-21 09:27:43', '81716172680073216',
        '496138616573952');
INSERT INTO `t_role_permission`
VALUES ('154305600757436417', 'admin', '2019-06-21 09:27:43', 0, 'admin', '2019-06-21 09:27:43', '84083562503999488',
        '496138616573952');
INSERT INTO `t_role_permission`
VALUES ('154305600765825024', 'admin', '2019-06-21 09:27:43', 0, 'admin', '2019-06-21 09:27:43', '84083641302388736',
        '496138616573952');
INSERT INTO `t_role_permission`
VALUES ('154305600774213632', 'admin', '2019-06-21 09:27:43', 0, 'admin', '2019-06-21 09:27:43', '113601631450304512',
        '496138616573952');
INSERT INTO `t_role_permission`
VALUES ('154305600778407937', 'admin', '2019-06-21 09:27:43', 0, 'admin', '2019-06-21 09:27:43', '84084404707659776',
        '496138616573952');
INSERT INTO `t_role_permission`
VALUES ('154305600786796545', 'admin', '2019-06-21 09:27:43', 0, 'admin', '2019-06-21 09:27:43', '82269650301227008',
        '496138616573952');
INSERT INTO `t_role_permission`
VALUES ('154305600795185153', 'admin', '2019-06-21 09:27:43', 0, 'admin', '2019-06-21 09:27:43', '84084724590448640',
        '496138616573952');
INSERT INTO `t_role_permission`
VALUES ('154305600803573761', 'admin', '2019-06-21 09:27:43', 0, 'admin', '2019-06-21 09:27:43', '81319435670917120',
        '496138616573952');
INSERT INTO `t_role_permission`
VALUES ('154305600811962369', 'admin', '2019-06-21 09:27:43', 0, 'admin', '2019-06-21 09:27:43', '84084965817454592',
        '496138616573952');
INSERT INTO `t_role_permission`
VALUES ('154305600820350977', 'admin', '2019-06-21 09:27:43', 0, 'admin', '2019-06-21 09:27:43', '117806106536841216',
        '496138616573952');
INSERT INTO `t_role_permission`
VALUES ('154305600828739584', 'admin', '2019-06-21 09:27:43', 0, 'admin', '2019-06-21 09:27:43', '76914082455752704',
        '496138616573952');
INSERT INTO `t_role_permission`
VALUES ('154305600837128192', 'admin', '2019-06-21 09:27:43', 0, 'admin', '2019-06-21 09:27:43', '84085542324539392',
        '496138616573952');
INSERT INTO `t_role_permission`
VALUES ('154305600845516800', 'admin', '2019-06-21 09:27:43', 0, 'admin', '2019-06-21 09:27:43', '84085810797744128',
        '496138616573952');
INSERT INTO `t_role_permission`
VALUES ('154305600849711105', 'admin', '2019-06-21 09:27:43', 0, 'admin', '2019-06-21 09:27:43', '84085980943880192',
        '496138616573952');
INSERT INTO `t_role_permission`
VALUES ('154305600858099713', 'admin', '2019-06-21 09:27:43', 0, 'admin', '2019-06-21 09:27:43', '84086163001839616',
        '496138616573952');
INSERT INTO `t_role_permission`
VALUES ('154305600866488320', 'admin', '2019-06-21 09:27:43', 0, 'admin', '2019-06-21 09:27:43', '84086362248056832',
        '496138616573952');
INSERT INTO `t_role_permission`
VALUES ('154305600874876928', 'admin', '2019-06-21 09:27:43', 0, 'admin', '2019-06-21 09:27:43', '76607201262702592',
        '496138616573952');
INSERT INTO `t_role_permission`
VALUES ('154305600883265536', 'admin', '2019-06-21 09:27:43', 0, 'admin', '2019-06-21 09:27:43', '84086882907983872',
        '496138616573952');
INSERT INTO `t_role_permission`
VALUES ('154305600887459841', 'admin', '2019-06-21 09:27:43', 0, 'admin', '2019-06-21 09:27:43', '84087009940869120',
        '496138616573952');
INSERT INTO `t_role_permission`
VALUES ('154305600895848448', 'admin', '2019-06-21 09:27:43', 0, 'admin', '2019-06-21 09:27:43', '84087154040377344',
        '496138616573952');
INSERT INTO `t_role_permission`
VALUES ('154305600904237056', 'admin', '2019-06-21 09:27:43', 0, 'admin', '2019-06-21 09:27:43', '80539147005071360',
        '496138616573952');
INSERT INTO `t_role_permission`
VALUES ('154305600908431361', 'admin', '2019-06-21 09:27:43', 0, 'admin', '2019-06-21 09:27:43', '84087344352727040',
        '496138616573952');
INSERT INTO `t_role_permission`
VALUES ('154305600916819969', 'admin', '2019-06-21 09:27:43', 0, 'admin', '2019-06-21 09:27:43', '84087480852156416',
        '496138616573952');
INSERT INTO `t_role_permission`
VALUES ('154305600925208577', 'admin', '2019-06-21 09:27:43', 0, 'admin', '2019-06-21 09:27:43', '84087593041399808',
        '496138616573952');
INSERT INTO `t_role_permission`
VALUES ('154305600933597184', 'admin', '2019-06-21 09:27:43', 0, 'admin', '2019-06-21 09:27:43', '39915540965232640',
        '496138616573952');
INSERT INTO `t_role_permission`
VALUES ('154305600941985792', 'admin', '2019-06-21 09:27:43', 0, 'admin', '2019-06-21 09:27:43', '41370251991977984',
        '496138616573952');
INSERT INTO `t_role_permission`
VALUES ('154305600950374400', 'admin', '2019-06-21 09:27:43', 0, 'admin', '2019-06-21 09:27:43', '45264987354042368',
        '496138616573952');
INSERT INTO `t_role_permission`
VALUES ('154305600954568705', 'admin', '2019-06-21 09:27:43', 0, 'admin', '2019-06-21 09:27:43', '45265487029866496',
        '496138616573952');
INSERT INTO `t_role_permission`
VALUES ('154305600962957313', 'admin', '2019-06-21 09:27:43', 0, 'admin', '2019-06-21 09:27:43', '45265762415284224',
        '496138616573952');
INSERT INTO `t_role_permission`
VALUES ('154305600971345920', 'admin', '2019-06-21 09:27:43', 0, 'admin', '2019-06-21 09:27:43', '45265886315024384',
        '496138616573952');
INSERT INTO `t_role_permission`
VALUES ('154305600979734528', 'admin', '2019-06-21 09:27:43', 0, 'admin', '2019-06-21 09:27:43', '45266070000373760',
        '496138616573952');
INSERT INTO `t_role_permission`
VALUES ('154305600983928833', 'admin', '2019-06-21 09:27:43', 0, 'admin', '2019-06-21 09:27:43', '41363147411427328',
        '496138616573952');
INSERT INTO `t_role_permission`
VALUES ('154305600992317441', 'admin', '2019-06-21 09:27:43', 0, 'admin', '2019-06-21 09:27:43', '41363537456533504',
        '496138616573952');
INSERT INTO `t_role_permission`
VALUES ('154305601000706049', 'admin', '2019-06-21 09:27:43', 0, 'admin', '2019-06-21 09:27:43', '41364927394353152',
        '496138616573952');
INSERT INTO `t_role_permission`
VALUES ('154305601009094657', 'admin', '2019-06-21 09:27:43', 0, 'admin', '2019-06-21 09:27:43', '121426317022334976',
        '496138616573952');
INSERT INTO `t_role_permission`
VALUES ('154305601017483265', 'admin', '2019-06-21 09:27:43', 0, 'admin', '2019-06-21 09:27:43', '41371711400054784',
        '496138616573952');
INSERT INTO `t_role_permission`
VALUES ('154305601025871872', 'admin', '2019-06-21 09:27:43', 0, 'admin', '2019-06-21 09:27:43', '41469219249852416',
        '496138616573952');
INSERT INTO `t_role_permission`
VALUES ('154305601034260480', 'admin', '2019-06-21 09:27:43', 0, 'admin', '2019-06-21 09:27:43', '39916171171991552',
        '496138616573952');
INSERT INTO `t_role_permission`
VALUES ('154305601038454785', 'admin', '2019-06-21 09:27:43', 0, 'admin', '2019-06-21 09:27:43', '39918482854252544',
        '496138616573952');
INSERT INTO `t_role_permission`
VALUES ('154305601046843392', 'admin', '2019-06-21 09:27:43', 0, 'admin', '2019-06-21 09:27:43', '41373430515240960',
        '496138616573952');
INSERT INTO `t_role_permission`
VALUES ('154305601055232000', 'admin', '2019-06-21 09:27:43', 0, 'admin', '2019-06-21 09:27:43', '41375330996326400',
        '496138616573952');
INSERT INTO `t_role_permission`
VALUES ('154305601059426305', 'admin', '2019-06-21 09:27:43', 0, 'admin', '2019-06-21 09:27:43', '129033675403694080',
        '496138616573952');
INSERT INTO `t_role_permission`
VALUES ('154305601067814913', 'admin', '2019-06-21 09:27:43', 0, 'admin', '2019-06-21 09:27:43', '42082442672082944',
        '496138616573952');
INSERT INTO `t_role_permission`
VALUES ('154305601076203521', 'admin', '2019-06-21 09:27:43', 0, 'admin', '2019-06-21 09:27:43', '41378916912336896',
        '496138616573952');
INSERT INTO `t_role_permission`
VALUES ('154305601084592129', 'admin', '2019-06-21 09:27:43', 0, 'admin', '2019-06-21 09:27:43', '63741744973352960',
        '496138616573952');
INSERT INTO `t_role_permission`
VALUES ('154305601092980736', 'admin', '2019-06-21 09:27:43', 0, 'admin', '2019-06-21 09:27:43', '41376192166629376',
        '496138616573952');
INSERT INTO `t_role_permission`
VALUES ('154305601101369344', 'admin', '2019-06-21 09:27:43', 0, 'admin', '2019-06-21 09:27:43', '41377034236071936',
        '496138616573952');
INSERT INTO `t_role_permission`
VALUES ('154305601109757952', 'admin', '2019-06-21 09:27:43', 0, 'admin', '2019-06-21 09:27:43', '56911328312299520',
        '496138616573952');
INSERT INTO `t_role_permission`
VALUES ('154305601113952257', 'admin', '2019-06-21 09:27:43', 0, 'admin', '2019-06-21 09:27:43', '63482475359244288',
        '496138616573952');
INSERT INTO `t_role_permission`
VALUES ('154305601122340864', 'admin', '2019-06-21 09:27:43', 0, 'admin', '2019-06-21 09:27:43', '64290663792906240',
        '496138616573952');
INSERT INTO `t_role_permission`
VALUES ('154305601130729472', 'admin', '2019-06-21 09:27:43', 0, 'admin', '2019-06-21 09:27:43', '66790433014943744',
        '496138616573952');
INSERT INTO `t_role_permission`
VALUES ('154305601139118080', 'admin', '2019-06-21 09:27:43', 0, 'admin', '2019-06-21 09:27:43', '42087054753927168',
        '496138616573952');
INSERT INTO `t_role_permission`
VALUES ('154305601147506688', 'admin', '2019-06-21 09:27:43', 0, 'admin', '2019-06-21 09:27:43', '102235632889237504',
        '496138616573952');
INSERT INTO `t_role_permission`
VALUES ('154305601160089600', 'admin', '2019-06-21 09:27:43', 0, 'admin', '2019-06-21 09:27:43', '102237605176807424',
        '496138616573952');
INSERT INTO `t_role_permission`
VALUES ('154305601168478208', 'admin', '2019-06-21 09:27:43', 0, 'admin', '2019-06-21 09:27:43', '102240052523831296',
        '496138616573952');
INSERT INTO `t_role_permission`
VALUES ('154305601172672513', 'admin', '2019-06-21 09:27:43', 0, 'admin', '2019-06-21 09:27:43', '103658022701633536',
        '496138616573952');
INSERT INTO `t_role_permission`
VALUES ('154305601181061120', 'admin', '2019-06-21 09:27:43', 0, 'admin', '2019-06-21 09:27:43', '67027338952445952',
        '496138616573952');
INSERT INTO `t_role_permission`
VALUES ('154305601185255425', 'admin', '2019-06-21 09:27:43', 0, 'admin', '2019-06-21 09:27:43', '67027909637836800',
        '496138616573952');
INSERT INTO `t_role_permission`
VALUES ('154305601193644032', 'admin', '2019-06-21 09:27:43', 0, 'admin', '2019-06-21 09:27:43', '67042515441684480',
        '496138616573952');
INSERT INTO `t_role_permission`
VALUES ('154305601202032640', 'admin', '2019-06-21 09:27:43', 0, 'admin', '2019-06-21 09:27:43', '67082402312228864',
        '496138616573952');
INSERT INTO `t_role_permission`
VALUES ('154305601210421248', 'admin', '2019-06-21 09:27:43', 0, 'admin', '2019-06-21 09:27:43', '113602149589454848',
        '496138616573952');
INSERT INTO `t_role_permission`
VALUES ('154305601218809856', 'admin', '2019-06-21 09:27:43', 0, 'admin', '2019-06-21 09:27:43', '113602342657462272',
        '496138616573952');
INSERT INTO `t_role_permission`
VALUES ('154305601227198464', 'admin', '2019-06-21 09:27:43', 0, 'admin', '2019-06-21 09:27:43', '113603512293658624',
        '496138616573952');
INSERT INTO `t_role_permission`
VALUES ('154305601231392769', 'admin', '2019-06-21 09:27:43', 0, 'admin', '2019-06-21 09:27:43', '113603617897844736',
        '496138616573952');
INSERT INTO `t_role_permission`
VALUES ('154305601239781376', 'admin', '2019-06-21 09:27:43', 0, 'admin', '2019-06-21 09:27:43', '16392452747300864',
        '496138616573952');
INSERT INTO `t_role_permission`
VALUES ('154305601248169984', 'admin', '2019-06-21 09:27:43', 0, 'admin', '2019-06-21 09:27:43', '16392767785668608',
        '496138616573952');
INSERT INTO `t_role_permission`
VALUES ('154305601252364289', 'admin', '2019-06-21 09:27:43', 0, 'admin', '2019-06-21 09:27:43', '16438800255291392',
        '496138616573952');
INSERT INTO `t_role_permission`
VALUES ('154305601260752896', 'admin', '2019-06-21 09:27:43', 0, 'admin', '2019-06-21 09:27:43', '16438962738434048',
        '496138616573952');
INSERT INTO `t_role_permission`
VALUES ('154305601264947201', 'admin', '2019-06-21 09:27:43', 0, 'admin', '2019-06-21 09:27:43', '16439068543946752',
        '496138616573952');
INSERT INTO `t_role_permission`
VALUES ('154305601277530112', 'admin', '2019-06-21 09:27:43', 0, 'admin', '2019-06-21 09:27:43', '127995258721013760',
        '496138616573952');
INSERT INTO `t_role_permission`
VALUES ('75002588591820806', 'admin', '2018-11-14 13:25:52', 0, 'admin', '2018-11-14 13:25:52', '5129710648430592',
        '16457350655250432');
INSERT INTO `t_role_permission`
VALUES ('75002588604403712', 'admin', '2018-11-14 13:25:52', 0, 'admin', '2018-11-14 13:25:52', '5129710648430593',
        '16457350655250432');
INSERT INTO `t_role_permission`
VALUES ('75002588612792320', 'admin', '2018-11-14 13:25:52', 0, 'admin', '2018-11-14 13:25:52', '40238597734928384',
        '16457350655250432');
INSERT INTO `t_role_permission`
VALUES ('75002588625375232', 'admin', '2018-11-14 13:25:52', 0, 'admin', '2018-11-14 13:25:52', '57009744761589760',
        '16457350655250432');
INSERT INTO `t_role_permission`
VALUES ('75002588633763840', 'admin', '2018-11-14 13:25:52', 0, 'admin', '2018-11-14 13:25:52', '16392452747300864',
        '16457350655250432');
INSERT INTO `t_role_permission`
VALUES ('75002588637958144', 'admin', '2018-11-14 13:25:52', 0, 'admin', '2018-11-14 13:25:52', '16392767785668608',
        '16457350655250432');
INSERT INTO `t_role_permission`
VALUES ('75002588650541056', 'admin', '2018-11-14 13:25:52', 0, 'admin', '2018-11-14 13:25:52', '16439068543946752',
        '16457350655250432');
COMMIT;


-- ----------------------------
-- Records of t_permission
-- ----------------------------
BEGIN;
INSERT INTO `t_permission`
VALUES ('102235632889237504', 'admin', '2019-01-28 17:00:15', 0, 'admin', '2019-01-28 17:00:15', NULL, 'vue-generator',
        '125909152017944576', 0, 3.10, 'Main', '/vue-generator', 'Vue代码生成', 'md-send', 1, NULL, 0, NULL);
INSERT INTO `t_permission`
VALUES ('102237605176807424', 'admin', '2019-01-28 17:08:06', 0, 'admin', '2019-02-01 20:41:31', '', 'table-generator',
        '102235632889237504', 0, 0.00, 'eapboot-vue-generator/tableGenerator', 'table', '增删改表格生成', 'md-grid', 2, '', 0,
        '');
INSERT INTO `t_permission`
VALUES ('102240052523831296', 'admin', '2019-01-28 17:17:49', 0, 'admin', '2019-02-01 20:41:38', '', 'tree-generator',
        '102235632889237504', 0, 1.00, 'eapboot-vue-generator/treeGenerator', 'tree', '树形结构生成', 'md-git-branch', 2, '',
        0, '');
INSERT INTO `t_permission`
VALUES ('103658022701633536', 'admin', '2019-02-01 15:12:20', 0, 'admin', '2019-02-01 18:38:29', '', 'test',
        '102235632889237504', 0, 3.00, 'eapboot-vue-generator/test', 'test', '代码生成测试页', 'ios-bug', 2, '', 0, '');
INSERT INTO `t_permission`
VALUES ('113601631450304512', 'admin', '2019-03-01 01:44:41', 0, 'admin', '2019-03-01 01:44:41', NULL, '',
        '81716172680073216', 1, 2.00, '', '/eapboot/actTask/backAll/**', '审批驳回至发起人', '', 3, 'disable', 0, NULL);
INSERT INTO `t_permission`
VALUES ('113602149589454848', 'admin', '2019-03-01 01:46:44', 0, 'admin', '2019-03-01 02:03:22', '', 'components',
        '125909152017944576', 0, 5.00, 'Main', '/components', 'EapBoot业务组件', 'md-cube', 1, '', 0, '');
INSERT INTO `t_permission`
VALUES ('113602342657462272', 'admin', '2019-03-01 01:47:30', 0, 'admin', '2019-03-01 02:03:26', '', 'components',
        '113602149589454848', 0, 0.00, 'eapboot-components/eapboot-components', 'components', 'EapBoot业务组件', 'md-cube',
        2, '', 0, '');
INSERT INTO `t_permission`
VALUES ('113603512293658624', 'admin', '2019-03-01 01:52:09', 0, 'admin', '2019-03-01 02:03:11', '', 'library',
        '125909152017944576', 0, 6.00, 'Main', '/library', '第三方依赖工具/组件', 'ios-link', 1, '', 0, '');
INSERT INTO `t_permission`
VALUES ('113603617897844736', 'admin', '2019-03-01 01:52:34', 0, 'admin', '2019-03-01 02:03:15', '', 'library',
        '113603512293658624', 0, 0.00, 'eapboot-library/eapboot-library', 'library', '第三方依赖工具/组件', 'ios-link', 2, '', 0,
        '');
INSERT INTO `t_permission`
VALUES ('117806106536841216', 'admin', '2019-03-12 16:11:46', 0, 'admin', '2019-03-12 16:11:46', NULL,
        'process-finish-manage', '76606430504816640', 0, 0.80, 'activiti/process-finish-manage/processFinishManage',
        'process-finish-manage', '结束的流程', 'md-power', 2, '', 0, NULL);
INSERT INTO `t_permission`
VALUES ('121426317022334976', 'admin', '2019-03-22 15:57:11', 0, 'admin', '2019-03-22 15:57:11', NULL, 'redis',
        '39915540965232640', 0, 2.21, 'sys/redis/redis', 'redis', 'Redis缓存管理', 'md-barcode', 2, '', 0, '');
INSERT INTO `t_permission`
VALUES ('125909152017944576', 'admin', '2019-04-04 00:50:22', 0, 'admin', '2019-04-10 21:34:38', '', 'eapboot', '', -1,
        0.00, '', '', 'EapBoot管理系统', 'md-home', 0, '', 0, '');
INSERT INTO `t_permission`
VALUES ('127995258721013760', 'admin', '2019-04-09 18:59:49', 0, 'admin', '2019-04-09 19:03:32', '', 'doc', '', -1,
        1.00, '', '', 'EapBoot开发文档', 'md-document', 0, '', 0, '');
INSERT INTO `t_permission`
VALUES ('129033675403694080', 'admin', '2019-04-12 15:46:07', 0, 'admin', '2019-04-12 15:49:08', '', 'single-window',
        '41373430515240960', 0, 3.20, 'eapboot-vue-template/single-window/singleWindow', 'single-window', '动态组件单页操作',
        'md-easel', 2, '', 0, '');
INSERT INTO `t_permission`
VALUES ('15701400130424832', '', '2018-06-03 22:04:06', 0, '', '2018-09-19 22:16:44', '', '', '5129710648430593', 1,
        1.11, '', '/eapboot/user/admin/add*', '添加用户', '', 3, 'add', 0, '');
INSERT INTO `t_permission`
VALUES ('15701915807518720', '', '2018-06-03 22:06:09', 0, '', '2018-06-06 14:46:51', '', '', '5129710648430593', 1,
        1.13, '', '/eapboot/user/admin/disable/**', '禁用用户', '', 3, 'disable', 0, NULL);
INSERT INTO `t_permission`
VALUES ('15708892205944832', '', '2018-06-03 22:33:52', 0, '', '2018-06-28 16:44:48', '', '', '5129710648430593', 1,
        1.14, '', '/eapboot/user/admin/enable/**', '启用用户', '', 3, 'enable', 0, NULL);
INSERT INTO `t_permission`
VALUES ('16392452747300864', '', '2018-06-05 19:50:06', 0, 'admin', '2019-03-01 01:50:12', '', 'access',
        '125909152017944576', 0, 7.00, 'Main', '/access', '权限按钮测试页', 'md-lock', 1, '', 0, '');
INSERT INTO `t_permission`
VALUES ('16392767785668608', '', '2018-06-05 19:51:21', 0, 'admin', '2018-10-23 12:34:38', '', 'access_index',
        '16392452747300864', 0, 5.10, 'access/access', 'index', '权限按钮测试页', 'md-lock', 2, '', 0, '');
INSERT INTO `t_permission`
VALUES ('16438800255291392', '', '2018-06-05 22:54:18', 0, 'admin', '2018-10-23 12:34:51', '', '', '16392767785668608',
        1, 5.11, '', 'test-add', '添加按钮测试', '', 3, 'add', 0, '');
INSERT INTO `t_permission`
VALUES ('16438962738434048', '', '2018-06-05 22:54:55', 0, 'admin', '2018-10-23 12:35:05', '', '', '16392767785668608',
        1, 5.12, '', 'test-edit', '编辑按钮测试', '', 3, 'edit', 0, '');
INSERT INTO `t_permission`
VALUES ('16439068543946752', '', '2018-06-05 22:55:20', 0, 'admin', '2018-10-23 12:34:54', '', '', '16392767785668608',
        1, 5.13, '', 'test-delete', '删除按钮测试', '', 3, 'delete', 0, '');
INSERT INTO `t_permission`
VALUES ('16678126574637056', '', '2018-06-06 14:45:16', 0, '', '2018-09-19 22:16:48', '', '', '5129710648430593', 1,
        1.12, '', '/eapboot/user/admin/edit*', '编辑用户', '', 3, 'edit', 0, '');
INSERT INTO `t_permission`
VALUES ('16678447719911424', '', '2018-06-06 14:46:32', 0, '', '2018-08-10 21:41:16', '', '', '5129710648430593', 1,
        1.15, '', '/eapboot/user/delByIds/**', '删除用户', '', 3, 'delete', 0, '');
INSERT INTO `t_permission`
VALUES ('16687383932047360', '', '2018-06-06 15:22:03', 0, '', '2018-09-19 22:07:34', '', '', '5129710648430594', 1,
        1.21, '', '/eapboot/role/save*', '添加角色', '', 3, 'add', 0, '');
INSERT INTO `t_permission`
VALUES ('16689632049631232', '', '2018-06-06 15:30:59', 0, '', '2018-09-19 22:07:37', '', '', '5129710648430594', 1,
        1.22, '', '/eapboot/role/edit*', '编辑角色', '', 3, 'edit', 0, '');
INSERT INTO `t_permission`
VALUES ('16689745006432256', '', '2018-06-06 15:31:26', 0, '', '2018-08-10 21:41:23', '', '', '5129710648430594', 1,
        1.23, '', '/eapboot/role/delAllByIds/**', '删除角色', '', 3, 'delete', 0, '');
INSERT INTO `t_permission`
VALUES ('16689883993083904', NULL, '2018-06-06 15:31:59', 0, NULL, '2018-06-06 15:31:59', NULL, NULL,
        '5129710648430594', 1, 1.24, NULL, '/eapboot/role/editRolePerm**', '分配权限', NULL, 3, 'editPerm', 0, NULL);
INSERT INTO `t_permission`
VALUES ('16690313745666048', '', '2018-06-06 15:33:41', 0, '', '2018-09-19 22:07:46', '', '', '5129710648430594', 1,
        1.25, '', '/eapboot/role/setDefault*', '设为默认角色', '', 3, 'setDefault', 0, '');
INSERT INTO `t_permission`
VALUES ('16694861252005888', '', '2018-06-06 15:51:46', 0, '', '2018-09-19 22:07:52', '', '', '5129710648430595', 1,
        1.31, '', '/eapboot/permission/add*', '添加菜单', '', 3, 'add', 0, '');
INSERT INTO `t_permission`
VALUES ('16695107491205120', '', '2018-06-06 15:52:44', 0, '', '2018-09-19 22:07:57', '', '', '5129710648430595', 1,
        1.32, '', '/eapboot/permission/edit*', '编辑菜单', '', 3, 'edit', 0, '');
INSERT INTO `t_permission`
VALUES ('16695243126607872', '', '2018-06-06 15:53:17', 0, '', '2018-08-10 21:41:33', '', '', '5129710648430595', 1,
        1.33, '', '/eapboot/permission/delByIds/**', '删除菜单', '', 3, 'delete', 0, '');
INSERT INTO `t_permission`
VALUES ('25014528525733888', '', '2018-06-29 14:51:09', 0, '', '2018-10-08 11:13:27', '', '', '5129710648430593', 1,
        1.16, '', '无', '上传图片', '', 3, 'upload', 0, '');
INSERT INTO `t_permission`
VALUES ('39915540965232640', NULL, '2018-08-09 17:42:28', 0, NULL, '2018-08-09 17:42:28', NULL, 'monitor',
        '125909152017944576', 0, 2.00, 'Main', '/monitor', '系统监控', 'ios-analytics', 1, NULL, 0, NULL);
INSERT INTO `t_permission`
VALUES ('39916171171991552', '', '2018-08-09 17:44:57', 0, 'admin', '2019-01-20 00:37:29', '', 'druid',
        '39915540965232640', 0, 2.40, 'sys/monitor/monitor', 'druid', 'SQL监控', 'md-analytics', 2, '', 0,
        'http://127.0.0.1:8888/druid/login.html');
INSERT INTO `t_permission`
VALUES ('39918482854252544', '', '2018-08-09 17:54:08', 0, 'admin', '2019-01-20 00:37:41', '', 'swagger',
        '39915540965232640', 0, 2.50, 'sys/monitor/monitor', 'swagger', '接口文档', 'md-document', 2, '', 0,
        'http://127.0.0.1:8888/swagger-ui.html');
INSERT INTO `t_permission`
VALUES ('40238597734928384', NULL, '2018-08-10 15:06:10', 0, NULL, '2018-08-10 15:06:10', NULL, 'department-manage',
        '5129710648430592', 0, 1.20, 'sys/department-manage/departmentManage', 'department-manage', '部门管理',
        'md-git-branch', 2, '', 0, NULL);
INSERT INTO `t_permission`
VALUES ('41363147411427328', '', '2018-08-13 17:34:43', 0, '', '2018-08-20 20:05:21', '', 'log-manage',
        '39915540965232640', 0, 2.20, 'sys/log-manage/logManage', 'log-manage', '操作日志管理', 'md-list-box', 2, '', 0, '');
INSERT INTO `t_permission`
VALUES ('41363537456533504', '', '2018-08-13 17:36:16', 0, '', '2018-08-13 17:56:11', '', '', '41363147411427328', 1,
        2.11, '', '/eapboot/log/delByIds/**', '删除日志', '', 3, 'delete', 0, '');
INSERT INTO `t_permission`
VALUES ('41364927394353152', '', '2018-08-13 17:41:48', 0, '', '2018-09-19 22:08:57', '', '', '41363147411427328', 1,
        2.12, '', '/eapboot/log/delAll*', '清空日志', '', 3, 'undefined', 0, '');
INSERT INTO `t_permission`
VALUES ('41370251991977984', NULL, '2018-08-13 18:02:57', 0, NULL, '2018-08-13 18:02:57', NULL, 'quartz-job',
        '39915540965232640', 0, 2.10, 'sys/quartz-manage/quartzManage', 'quartz-job', '定时任务', 'md-time', 2, '', 0,
        NULL);
INSERT INTO `t_permission`
VALUES ('41371711400054784', '', '2018-08-13 18:08:45', 0, '', '2018-08-14 12:31:15', '', 'actuator',
        '39915540965232640', 0, 2.30, 'sys/actuator/actuator', 'actuator', 'Actuator监控', 'logo-angular', 2, '', 0, '');
INSERT INTO `t_permission`
VALUES ('41373430515240960', '', '2018-08-13 18:15:35', 0, 'admin', '2018-11-17 11:41:44', '', 'vue-template',
        '125909152017944576', 0, 3.00, 'Main', '/vue-template', '后台Vue模版', 'ios-albums', 1, '', 0, '');
INSERT INTO `t_permission`
VALUES ('41375330996326400', '', '2018-08-13 18:23:08', 0, 'admin', '2018-10-20 22:47:07', '', 'simple-table',
        '41373430515240960', 0, 3.10, 'eapboot-vue-template/simple-table/simpleTable', 'simple-table', '简单表格',
        'ios-grid-outline', 2, '', 0, '');
INSERT INTO `t_permission`
VALUES ('41376192166629376', '', '2018-08-13 18:26:33', 0, 'admin', '2018-10-20 22:47:26', '', 'search-table',
        '41373430515240960', 0, 3.40, 'eapboot-vue-template/search-table/searchTable', 'search-table', '搜索表格',
        'md-grid', 2, '', 0, '');
INSERT INTO `t_permission`
VALUES ('41377034236071936', '', '2018-08-13 18:29:54', 0, 'admin', '2018-10-20 22:47:33', '', 'complex-table',
        '41373430515240960', 0, 3.50, 'eapboot-vue-template/complex-table/complexTable', 'complex-table', '复杂表格',
        'ios-grid', 2, '', 0, '');
INSERT INTO `t_permission`
VALUES ('41378916912336896', '', '2018-08-13 18:37:23', 0, 'admin', '2019-04-12 15:38:08', '', 'tree',
        '41373430515240960', 0, 3.22, 'eapboot-vue-template/tree/tree', 'tree', '树形结构', 'ios-git-network', 2, '', 0,
        '');
INSERT INTO `t_permission`
VALUES ('41469219249852416', NULL, '2018-08-14 00:36:13', 0, NULL, '2018-08-14 00:36:13', NULL, '', '41371711400054784',
        1, 2.31, '', '无', '查看数据', '', 3, 'view', 0, NULL);
INSERT INTO `t_permission`
VALUES ('42082442672082944', '', '2018-08-15 17:12:57', 0, 'admin', '2019-04-12 15:48:50', '', 'new-window',
        '41373430515240960', 0, 3.21, 'eapboot-vue-template/new-window/newWindow', 'new-window', '新窗口操作',
        'ios-browsers', 2, '', 0, '');
INSERT INTO `t_permission`
VALUES ('42087054753927168', '', '2018-08-15 17:31:16', 0, 'admin', '2018-10-22 21:33:53', '', 'html-edit',
        '41373430515240960', 0, 3.92, 'eapboot-vue-template/html-edit/htmlEdit', 'html-edit', '富文本编辑', 'ios-create', 2,
        '', 0, '');
INSERT INTO `t_permission`
VALUES ('43117268627886080', '', '2018-08-18 13:44:58', 0, '', '2018-08-18 20:55:04', '', 'message-manage',
        '5129710648430592', 0, 1.30, 'sys/message-manage/messageManage', 'message-manage', '消息管理', 'md-mail', 2, '', 0,
        '');
INSERT INTO `t_permission`
VALUES ('44986029924421632', '', '2018-08-23 17:30:46', 0, '', '2018-09-23 23:26:53', '', 'social-manage',
        '5129710648430592', 0, 1.50, 'sys/social-manage/socialManage', 'social-manage', '社交账号绑定', 'md-share', 2, '', 0,
        '');
INSERT INTO `t_permission`
VALUES ('45069342940860416', '', '2018-08-23 23:01:49', 0, '', '2018-08-24 10:01:09', '', '', '44986029924421632', 1,
        1.42, '', '无', '查看社交账号数据', '', 3, 'view', 0, '');
INSERT INTO `t_permission`
VALUES ('45235228800716800', '', '2018-08-24 10:01:00', 0, '', '2018-09-19 22:07:23', '', '', '44986029924421632', 1,
        1.41, '', '/eapboot/relate/delByIds*', '删除解绑', '', 3, 'delete', 0, '');
INSERT INTO `t_permission`
VALUES ('45235621697949696', '', '2018-08-24 10:02:33', 0, '', '2018-09-19 22:06:57', '', '', '40238597734928384', 1,
        1.21, '', '/eapboot/department/add*', '添加部门', '', 3, 'add', 0, '');
INSERT INTO `t_permission`
VALUES ('45235787867885568', '', '2018-08-24 10:03:13', 0, '', '2018-09-19 22:07:02', '', '', '40238597734928384', 1,
        1.22, '', '/eapboot/department/edit*', '编辑部门', '', 3, 'edit', 0, '');
INSERT INTO `t_permission`
VALUES ('45235939278065664', NULL, '2018-08-24 10:03:49', 0, NULL, '2018-08-24 10:03:49', NULL, '', '40238597734928384',
        1, 1.23, '', '/eapboot/department/delByIds/*', '删除部门', '', 3, 'delete', 0, NULL);
INSERT INTO `t_permission`
VALUES ('45236734832676864', '', '2018-08-24 10:06:59', 0, '', '2018-09-19 22:07:07', '', '', '43117268627886080', 1,
        1.31, '', '/eapboot/message/add*', '添加消息', '', 3, 'add', 0, '');
INSERT INTO `t_permission`
VALUES ('45237010692050944', '', '2018-08-24 10:08:04', 0, '', '2018-09-19 22:07:12', '', '', '43117268627886080', 1,
        1.32, '', '/eapboot/message/edit*', '编辑消息', '', 3, 'edit', 0, '');
INSERT INTO `t_permission`
VALUES ('45237170029465600', NULL, '2018-08-24 10:08:42', 0, NULL, '2018-08-24 10:08:42', NULL, '', '43117268627886080',
        1, 1.33, '', '/eapboot/message/delByIds/*', '删除消息', '', 3, 'delete', 0, NULL);
INSERT INTO `t_permission`
VALUES ('45264987354042368', '', '2018-08-24 11:59:14', 0, '', '2018-09-19 22:08:11', '', '', '41370251991977984', 1,
        2.11, '', '/eapboot/quartzJob/add*', '添加定时任务', '', 3, 'add', 0, '');
INSERT INTO `t_permission`
VALUES ('45265487029866496', '', '2018-08-24 12:01:14', 0, '', '2018-09-19 22:08:17', '', '', '41370251991977984', 1,
        2.12, '', '/eapboot/quartzJob/edit*', '编辑定时任务', '', 3, 'edit', 0, '');
INSERT INTO `t_permission`
VALUES ('45265762415284224', '', '2018-08-24 12:02:19', 0, '', '2018-09-19 22:08:24', '', '', '41370251991977984', 1,
        2.13, '', '/eapboot/quartzJob/pause*', '暂停定时任务', '', 3, 'disable', 0, '');
INSERT INTO `t_permission`
VALUES ('45265886315024384', '', '2018-08-24 12:02:49', 0, '', '2018-09-19 22:09:13', '', '', '41370251991977984', 1,
        2.14, '', '/eapboot/quartzJob/resume*', '恢复定时任务', '', 3, 'enable', 0, '');
INSERT INTO `t_permission`
VALUES ('45266070000373760', NULL, '2018-08-24 12:03:33', 0, NULL, '2018-08-24 12:03:33', NULL, '', '41370251991977984',
        1, 2.15, '', '/eapboot/quartzJob/delByIds/*', '删除定时任务', '', 3, 'delete', 0, NULL);
INSERT INTO `t_permission`
VALUES ('5129710648430592', '', '2018-06-04 19:02:29', 0, '', '2018-09-29 23:11:56', '', 'sys', '125909152017944576', 0,
        1.00, 'Main', '/sys', '系统管理', 'ios-settings', 1, '', 0, '');
INSERT INTO `t_permission`
VALUES ('5129710648430593', '', '2018-06-04 19:02:32', 0, '', '2018-08-13 15:15:33', '', 'user-manage',
        '5129710648430592', 0, 1.10, 'sys/user-manage/userManage', 'user-manage', '用户管理', 'md-person', 2, '', 0, '');
INSERT INTO `t_permission`
VALUES ('5129710648430594', '', '2018-06-04 19:02:35', 0, '', '2018-10-13 13:51:36', '', 'role-manage',
        '5129710648430592', 0, 1.60, 'sys/role-manage/roleManage', 'role-manage', '角色权限管理', 'md-contacts', 2, '', 0,
        '');
INSERT INTO `t_permission`
VALUES ('5129710648430595', '', '2018-06-04 19:02:37', 0, '', '2018-09-23 23:32:02', '', 'menu-manage',
        '5129710648430592', 0, 1.70, 'sys/menu-manage/menuManage', 'menu-manage', '菜单权限管理', 'md-menu', 2, '', 0, '');
INSERT INTO `t_permission`
VALUES ('56309618086776832', '', '2018-09-23 23:26:40', 0, 'admin', '2018-11-15 15:17:43', '', 'oss-manage',
        '5129710648430592', 0, 1.40, 'sys/oss-manage/ossManage', 'oss-manage', '文件对象存储', 'ios-folder', 2, '', 0, '');
INSERT INTO `t_permission`
VALUES ('56898976661639168', '', '2018-09-25 14:28:34', 0, '', '2018-09-25 15:12:46', '', '', '5129710648430593', 1,
        1.17, '', '/eapboot/user/importData*', '导入用户', '', 3, 'input', 0, '');
INSERT INTO `t_permission`
VALUES ('56911328312299520', '', '2018-09-25 15:17:39', 0, 'admin', '2018-10-20 22:47:36', '', 'excel',
        '41373430515240960', 0, 3.60, 'eapboot-vue-template/excel/excel', 'excel', 'Excel导入导出', 'md-exit', 2, '', 0,
        '');
INSERT INTO `t_permission`
VALUES ('57009544286441472', NULL, '2018-09-25 21:47:55', 0, NULL, '2018-09-25 21:47:55', NULL, '', '43117268627886080',
        1, 1.40, '', '/eapboot/messageSend/save*', '添加已发送消息', '', 3, 'add', 0, NULL);
INSERT INTO `t_permission`
VALUES ('57009744761589760', NULL, '2018-09-25 21:48:43', 0, NULL, '2018-09-25 21:48:43', NULL, '', '43117268627886080',
        1, 1.50, '', '/eapboot/messageSend/update*', '编辑已发送消息', '', 3, 'edit', 0, NULL);
INSERT INTO `t_permission`
VALUES ('57009981228060672', NULL, '2018-09-25 21:49:39', 0, NULL, '2018-09-25 21:49:39', NULL, '', '43117268627886080',
        1, 1.60, '', '/eapboot/messageSend/delByIds/*', '删除已发送消息', '', 3, 'delete', 0, NULL);
INSERT INTO `t_permission`
VALUES ('57212882168844288', '', '2018-09-26 11:15:55', 0, '', '2018-10-08 11:10:05', '', '', '56309618086776832', 1,
        1.41, '', '无', '上传文件', '', 3, 'upload', 0, '');
INSERT INTO `t_permission`
VALUES ('58480609315524608', '', '2018-09-29 23:13:24', 0, 'admin', '2018-11-14 13:24:26', '', 'setting',
        '5129710648430592', 0, 1.90, 'sys/setting-manage/settingManage', 'setting', '系统配置', 'ios-settings-outline', 2,
        '', 0, '');
INSERT INTO `t_permission`
VALUES ('61394706252173312', NULL, '2018-10-08 00:12:59', 0, NULL, '2018-10-08 00:12:59', NULL, '', '58480609315524608',
        1, 1.81, '', '/eapboot/setting/seeSecret/**', '查看私密配置', '', 3, 'view', 0, NULL);
INSERT INTO `t_permission`
VALUES ('61417744146370560', '', '2018-10-08 01:44:32', 0, '', '2018-10-08 01:50:03', '', '', '58480609315524608', 1,
        1.82, '', '/eapboot/setting/*/set*', '编辑配置', '', 3, 'edit', 0, '');
INSERT INTO `t_permission`
VALUES ('61560041605435392', NULL, '2018-10-08 11:09:58', 0, NULL, '2018-10-08 11:09:58', NULL, '', '56309618086776832',
        1, 1.42, '', '/eapboot/file/rename*', '重命名文件', '', 3, 'edit', 0, NULL);
INSERT INTO `t_permission`
VALUES ('61560275261722624', NULL, '2018-10-08 11:10:54', 0, NULL, '2018-10-08 11:10:54', NULL, '', '56309618086776832',
        1, 1.43, '', '/eapboot/file/copy*', '复制文件', '', 3, 'edit', 0, NULL);
INSERT INTO `t_permission`
VALUES ('61560480518377472', NULL, '2018-10-08 11:11:43', 0, NULL, '2018-10-08 11:11:43', NULL, '', '56309618086776832',
        1, 1.44, '', '/eapboot/file/delete/*', '删除文件', '', 3, 'delete', 0, NULL);
INSERT INTO `t_permission`
VALUES ('63482475359244288', '', '2018-10-13 18:29:02', 0, 'admin', '2018-10-20 22:47:45', '', 'custom-tree',
        '41373430515240960', 0, 3.80, 'eapboot-vue-template/custom-tree/customTree', 'custom-tree', '自定义树',
        'md-git-network', 2, '', 0, '');
INSERT INTO `t_permission`
VALUES ('63741744973352960', '', '2018-10-14 11:39:17', 0, 'admin', '2019-02-04 17:03:07', '', 'render',
        '41373430515240960', 0, 3.30, 'eapboot-vue-template/render/render', 'render', 'Render函数示例', 'md-aperture', 2,
        '', 0, '');
INSERT INTO `t_permission`
VALUES ('64290663792906240', '', '2018-10-16 00:00:29', 0, 'admin', '2018-10-20 22:47:49', '', 'tree&table',
        '41373430515240960', 0, 3.90, 'eapboot-vue-template/tree&table/tree&table', 'tree&table', '树+表格', 'md-list', 2,
        '', 0, '');
INSERT INTO `t_permission`
VALUES ('66790433014943744', 'admin', '2018-10-22 21:33:42', 0, 'admin', '2018-10-22 21:37:12', '', 'card-list',
        '41373430515240960', 0, 3.91, 'eapboot-vue-template/card-list/cardList', 'card-list', '卡片列表', 'md-card', 2, '',
        0, '');
INSERT INTO `t_permission`
VALUES ('67027338952445952', 'admin', '2018-10-23 13:15:03', 0, 'admin', '2018-10-23 14:57:38', '', 'product-template',
        '125909152017944576', 0, 4.00, 'Main', '/product-template', '前台产品级组件', 'md-ribbon', 1, '', 0, '');
INSERT INTO `t_permission`
VALUES ('67027909637836800', 'admin', '2018-10-23 13:17:19', 0, 'admin', '2018-10-23 14:57:46', '', 'banner',
        '67027338952445952', 0, 4.10, 'product-template/banner/Banner', 'banner', '轮播组件', 'md-book', 2, '', 0, '');
INSERT INTO `t_permission`
VALUES ('67042515441684480', 'admin', '2018-10-23 14:15:22', 0, 'admin', '2018-10-23 14:57:51', '', 'product',
        '67027338952445952', 0, 4.20, 'product-template/product/Product', 'product', '产品组件', 'md-pricetags', 2, '', 0,
        '');
INSERT INTO `t_permission`
VALUES ('67082402312228864', 'admin', '2018-10-23 16:53:53', 0, 'admin', '2018-10-23 16:53:53', NULL, 'category',
        '67027338952445952', 0, 4.30, 'product-template/category/Category', 'category', '分类栏组件', 'md-apps', 2, '', 0,
        NULL);
INSERT INTO `t_permission`
VALUES ('75002207560273920', 'admin', '2018-11-14 13:24:21', 0, 'admin', '2018-11-20 20:06:22', '', 'dict',
        '5129710648430592', 0, 1.80, 'sys/dict-manage/dictManage', 'dict', '数据字典管理', 'md-bookmarks', 2, '', 0, '');
INSERT INTO `t_permission`
VALUES ('76215889006956544', 'admin', '2018-11-17 21:47:05', 0, 'admin', '2018-11-17 21:47:53', '', '',
        '75002207560273920', 1, 1.81, '', '/eapboot/dict/add*', '添加字典', '', 3, 'add', 0, '');
INSERT INTO `t_permission`
VALUES ('76216071333351424', 'admin', '2018-11-17 21:47:48', 0, 'admin', '2018-11-17 21:47:48', NULL, '',
        '75002207560273920', 1, 1.82, '', '/eapboot/dict/edit*', '编辑字典', '', 3, 'edit', 0, NULL);
INSERT INTO `t_permission`
VALUES ('76216264070008832', 'admin', '2018-11-17 21:48:34', 0, 'admin', '2018-11-17 21:48:34', NULL, '',
        '75002207560273920', 1, 1.83, '', '/eapboot/dict/delByIds/**', '删除字典', '', 3, 'delete', 0, NULL);
INSERT INTO `t_permission`
VALUES ('76216459709124608', 'admin', '2018-11-17 21:49:21', 0, 'admin', '2018-11-17 21:49:21', NULL, '',
        '75002207560273920', 1, 1.84, '', '/eapboot/dictData/add*', '添加字典数据', '', 3, 'add', 0, NULL);
INSERT INTO `t_permission`
VALUES ('76216594207870976', 'admin', '2018-11-17 21:49:53', 0, 'admin', '2018-11-17 21:49:53', NULL, '',
        '75002207560273920', 1, 1.85, '', '/eapboot/dictData/edit*', '编辑字典数据', '', 3, 'edit', 0, NULL);
INSERT INTO `t_permission`
VALUES ('76216702639017984', 'admin', '2018-11-17 21:50:18', 0, 'admin', '2018-11-17 21:50:18', NULL, '',
        '75002207560273920', 1, 1.86, '', '/eapboot/dictData/delByIds/**', '删除字典数据', '', 3, 'delete', 0, NULL);
INSERT INTO `t_permission`
VALUES ('76606430504816640', 'admin', '2018-11-18 23:38:57', 0, 'admin', '2018-11-18 23:39:12', '', 'activiti',
        '125909152017944576', 0, 1.10, 'Main', '/activiti', '工作流程', 'md-git-compare', 1, '', 0, '');
INSERT INTO `t_permission`
VALUES ('76607201262702592', 'admin', '2018-11-18 23:42:01', 0, 'admin', '2018-11-20 19:41:58', '', 'model-manage',
        '76606430504816640', 0, 1.00, 'activiti/model-manage/modelManage', 'model-manage', '模型管理', 'md-cube', 2, '', 0,
        '');
INSERT INTO `t_permission`
VALUES ('76914082455752704', 'admin', '2018-11-19 20:01:28', 0, 'admin', '2018-11-20 19:41:50', '', 'process-manage',
        '76606430504816640', 0, 0.90, 'activiti/process-manage/processManage', 'process-manage', '流程管理', 'md-calendar',
        2, '', 0, '');
INSERT INTO `t_permission`
VALUES ('80539147005071360', 'admin', '2018-11-29 20:06:10', 0, 'admin', '2018-12-04 14:14:41', '', 'category-manage',
        '76606430504816640', 0, 2.00, 'activiti/category-manage/categoryManage', 'category-manage', '流程分类管理',
        'md-bookmark', 2, '', 0, '');
INSERT INTO `t_permission`
VALUES ('81319435670917120', 'admin', '2018-12-01 23:46:45', 0, 'admin', '2018-12-02 15:37:03', '',
        'process-ins-manage', '76606430504816640', 0, 0.70, 'activiti/process-ins-manage/processInsManage',
        'process-ins-manage', '运行中的流程', 'md-fastforward', 2, '', 0, '');
INSERT INTO `t_permission`
VALUES ('81558529864896512', 'admin', '2018-12-02 15:36:50', 0, 'admin', '2018-12-08 14:50:38', '', 'apply-manage',
        '76606430504816640', 0, 0.00, 'activiti/apply-manage/applyManage', 'apply-manage', '我的申请', 'md-clipboard', 2,
        '', 0, '');
INSERT INTO `t_permission`
VALUES ('81716172680073216', 'admin', '2018-12-03 02:03:15', 0, 'admin', '2018-12-03 02:03:15', NULL, 'todo-manage',
        '76606430504816640', 0, 0.10, 'activiti/todo-manage/todoManage', 'todo-manage', '我的待办', 'ios-pricetag', 2, '',
        0, NULL);
INSERT INTO `t_permission`
VALUES ('82269650301227008', 'admin', '2018-12-04 14:42:34', 0, 'admin', '2018-12-04 14:42:34', NULL, 'done-manage',
        '76606430504816640', 0, 0.20, 'activiti/done-manage/doneManage', 'done-manage', '我的已办', 'ios-pricetag-outline',
        2, '', 0, NULL);
INSERT INTO `t_permission`
VALUES ('84082369492946944', 'admin', '2018-12-09 14:45:40', 0, 'admin', '2018-12-09 14:46:59', '', '',
        '81558529864896512', 1, 0.00, '', '/eapboot/leave/add*', '添加请假申请', '', 3, 'add', 0, '');
INSERT INTO `t_permission`
VALUES ('84082920431554560', 'admin', '2018-12-09 14:47:51', 0, 'admin', '2018-12-09 14:47:51', NULL, '',
        '81558529864896512', 1, 1.00, '', '/eapboot/actBusiness/delByIds/**', '删除草稿申请', '', 3, 'delete', 0, NULL);
INSERT INTO `t_permission`
VALUES ('84083562503999488', 'admin', '2018-12-09 14:50:25', 0, 'admin', '2018-12-09 14:50:25', NULL, '',
        '81716172680073216', 1, 0.00, '', '/eapboot/actTask/pass**', '审批通过', '', 3, 'enable', 0, NULL);
INSERT INTO `t_permission`
VALUES ('84083641302388736', 'admin', '2018-12-09 14:50:43', 0, 'admin', '2018-12-09 14:50:43', NULL, '',
        '81716172680073216', 1, 1.00, '', '/eapboot/actTask/back**', '审批驳回', '', 3, 'disable', 0, NULL);
INSERT INTO `t_permission`
VALUES ('84084404707659776', 'admin', '2018-12-09 14:53:45', 0, 'admin', '2018-12-09 14:53:45', NULL, '',
        '81716172680073216', 1, 3.00, '', '/eapboot/actTask/delegate**', '委托代办', '', 3, 'other', 0, NULL);
INSERT INTO `t_permission`
VALUES ('84084724590448640', 'admin', '2018-12-09 14:55:02', 0, 'admin', '2018-12-09 14:55:02', NULL, '',
        '82269650301227008', 1, 0.00, '', '/eapboot/actTask/deleteHistoric/**', '删除已办任务', '', 3, 'delete', 0, NULL);
INSERT INTO `t_permission`
VALUES ('84084965817454592', 'admin', '2018-12-09 14:55:59', 0, 'admin', '2018-12-09 14:55:59', NULL, '',
        '81319435670917120', 1, 0.00, '', '/eapboot/actProcess/delInsByIds/**', '删除运行流程', '', 3, 'delete', 0, NULL);
INSERT INTO `t_permission`
VALUES ('84085542324539392', 'admin', '2018-12-09 14:58:17', 0, 'admin', '2018-12-09 14:58:17', NULL, '',
        '76914082455752704', 1, 0.00, '', '/eapboot/actProcess/updateInfo/**', '编辑流程信息', '', 3, 'edit', 0, NULL);
INSERT INTO `t_permission`
VALUES ('84085810797744128', 'admin', '2018-12-09 14:59:21', 0, 'admin', '2018-12-09 14:59:21', NULL, '',
        '76914082455752704', 1, 1.00, '', '/eapboot/actProcess/editNodeUser**', '流程节点设置', '', 3, 'edit', 0, NULL);
INSERT INTO `t_permission`
VALUES ('84085980943880192', 'admin', '2018-12-09 15:00:01', 0, 'admin', '2018-12-09 15:00:01', NULL, '',
        '76914082455752704', 1, 2.00, '', '/eapboot/actProcess/convertToModel/**', '流程转模型', '', 3, 'other', 0, NULL);
INSERT INTO `t_permission`
VALUES ('84086163001839616', 'admin', '2018-12-09 15:00:45', 0, 'admin', '2018-12-09 15:01:37', '', '',
        '76914082455752704', 1, 3.00, '', '/eapboot/actProcess/delByIds/**', '删除流程定义', '', 3, 'delete', 0, '');
INSERT INTO `t_permission`
VALUES ('84086362248056832', 'admin', '2018-12-09 15:01:32', 0, 'admin', '2018-12-09 15:01:32', NULL, '',
        '76914082455752704', 1, 4.00, '', '/eapboot/actModel/deployByFile**', '文件部署流程', '', 3, 'other', 0, NULL);
INSERT INTO `t_permission`
VALUES ('84086882907983872', 'admin', '2018-12-09 15:03:36', 0, 'admin', '2018-12-09 15:03:36', NULL, '',
        '76607201262702592', 1, 0.00, '', '/eapboot/actModel/add**', '添加模型', '', 3, 'add', 0, NULL);
INSERT INTO `t_permission`
VALUES ('84087009940869120', 'admin', '2018-12-09 15:04:06', 0, 'admin', '2018-12-09 15:04:06', NULL, '',
        '76607201262702592', 1, 1.00, '', '/eapboot/actModel/delByIds/**', '删除模型', '', 3, 'delete', 0, NULL);
INSERT INTO `t_permission`
VALUES ('84087154040377344', 'admin', '2018-12-09 15:04:41', 0, 'admin', '2018-12-09 15:04:41', NULL, '',
        '76607201262702592', 1, 2.00, '', '/eapboot/actModel/deploy/**', '部署模型', '', 3, 'other', 0, NULL);
INSERT INTO `t_permission`
VALUES ('84087344352727040', 'admin', '2018-12-09 15:05:26', 0, 'admin', '2018-12-09 15:05:33', '', '',
        '80539147005071360', 1, 0.00, '', '/eapboot/actCategory/add**', '添加流程分类', '', 3, 'add', 0, '');
INSERT INTO `t_permission`
VALUES ('84087480852156416', 'admin', '2018-12-09 15:05:59', 0, 'admin', '2018-12-09 15:05:59', NULL, '',
        '80539147005071360', 1, 1.00, '', '/eapboot/actCategory/edit**', '编辑流程分类', '', 3, 'edit', 0, NULL);
INSERT INTO `t_permission`
VALUES ('84087593041399808', 'admin', '2018-12-09 15:06:25', 0, 'admin', '2018-12-09 15:06:25', NULL, '',
        '80539147005071360', 1, 2.00, '', '/eapboot/actCategory/delByIds/**', '删除流程分类', '', 3, 'delete', 0, NULL);
COMMIT;



-- ----------------------------
-- Records of t_dict
-- ----------------------------
BEGIN;
INSERT INTO `t_dict`
VALUES ('75135930788220928', 'admin', '2018-11-14 22:15:43', 0, 'admin', '2018-11-27 01:39:06', '', '性别', 'sex', 0.00);
INSERT INTO `t_dict`
VALUES ('75383353938808832', 'admin', '2018-11-15 14:38:53', 0, 'admin', '2018-11-27 01:39:15', '', '消息类型',
        'message_type', 1.00);
INSERT INTO `t_dict`
VALUES ('75388696739713024', 'admin', '2018-11-15 15:00:07', 0, 'admin', '2018-11-27 01:39:22', '', '按钮权限类型',
        'permission_type', 2.00);
INSERT INTO `t_dict`
VALUES ('75392985935646720', 'admin', '2018-11-15 15:17:10', 0, 'admin', '2018-11-27 01:39:29', '', '腾讯云对象存储区域',
        'tencent_bucket_region', 3.00);
INSERT INTO `t_dict`
VALUES ('79717732567748608', 'admin', '2018-11-27 13:42:10', 0, 'admin', '2018-11-27 13:42:10', '', '流程节点类型',
        'process_node_type', 4.00);
INSERT INTO `t_dict`
VALUES ('81843858882695168', 'admin', '2018-12-03 10:30:38', 0, 'admin', '2018-12-03 10:30:49', '', '优先级', 'priority',
        5.00);
INSERT INTO `t_dict`
VALUES ('82236987314016256', 'admin', '2018-12-04 12:32:47', 0, 'admin', '2018-12-04 12:32:47', '', '业务表',
        'business_table', 6.00);
INSERT INTO `t_dict`
VALUES ('82236987314016257', 'admin', '2018-12-04 12:32:47', 0, 'admin', '2018-12-04 12:32:47', '', '业务表单路由',
        'business_form', 7.00);
INSERT INTO `t_dict`
VALUES ('99020862912466944', 'admin', '2019-01-19 20:05:54', 0, 'admin', '2019-01-19 20:06:10', '', '请假类型',
        'leave_type', 8.00);
COMMIT;

-- ----------------------------
-- Records of t_dict_data
-- ----------------------------
BEGIN;
INSERT INTO `t_dict_data`
VALUES ('125170157323554816', 'admin', '2019-04-01 23:53:52', 0, 'admin', '2019-04-01 23:53:52', '',
        '75383353938808832', 3.00, 0, '工作流', '工作流');
INSERT INTO `t_dict_data`
VALUES ('75158227712479232', 'admin', '2018-11-14 23:44:19', 0, 'admin', '2019-04-01 23:53:13', '', '75135930788220928',
        0.00, 0, '男', '男');
INSERT INTO `t_dict_data`
VALUES ('75159254272577536', 'admin', '2018-11-14 23:48:24', 0, 'admin', '2019-04-01 23:53:17', '', '75135930788220928',
        1.00, 0, '女', '女');
INSERT INTO `t_dict_data`
VALUES ('75159898425397248', 'admin', '2018-11-14 23:50:57', 0, 'admin', '2019-04-01 23:53:22', '', '75135930788220928',
        2.00, -1, '保密', '保密');
INSERT INTO `t_dict_data`
VALUES ('75385648017575936', 'admin', '2018-11-15 14:48:00', 0, 'admin', '2019-04-02 00:10:36', '', '75383353938808832',
        0.00, 0, '系统公告', '系统公告');
INSERT INTO `t_dict_data`
VALUES ('75385706913992704', 'admin', '2018-11-15 14:48:14', 0, 'admin', '2019-04-02 00:10:32', '', '75383353938808832',
        1.00, 0, '提醒', '提醒');
INSERT INTO `t_dict_data`
VALUES ('75385774274514944', 'admin', '2018-11-15 14:48:30', 0, 'admin', '2019-04-02 00:10:28', '', '75383353938808832',
        2.00, 0, '私信', '私信');
INSERT INTO `t_dict_data`
VALUES ('75390787835138048', 'admin', '2018-11-15 15:08:26', 0, 'admin', '2018-11-15 15:08:26', '', '75388696739713024',
        0.00, 0, '查看操作(view)', 'view');
INSERT INTO `t_dict_data`
VALUES ('75390886501945344', 'admin', '2018-11-15 15:08:49', 0, 'admin', '2018-11-15 15:08:57', '', '75388696739713024',
        1.00, 0, '添加操作(add)', 'add');
INSERT INTO `t_dict_data`
VALUES ('75390993939042304', 'admin', '2018-11-15 15:09:15', 0, 'admin', '2018-11-15 15:09:15', '', '75388696739713024',
        2.00, 0, '编辑操作(edit)', 'edit');
INSERT INTO `t_dict_data`
VALUES ('75391067532300288', 'admin', '2018-11-15 15:09:32', 0, 'admin', '2018-11-15 15:09:32', '', '75388696739713024',
        3.00, 0, '删除操作(delete)', 'delete');
INSERT INTO `t_dict_data`
VALUES ('75391126902673408', 'admin', '2018-11-15 15:09:46', 0, 'admin', '2018-11-15 15:09:46', '', '75388696739713024',
        4.00, 0, '清空操作(clear)', 'clear');
INSERT INTO `t_dict_data`
VALUES ('75391192883269632', 'admin', '2018-11-15 15:10:02', 0, 'admin', '2018-11-15 15:10:02', '', '75388696739713024',
        5.00, 0, '启用操作(enable)', 'enable');
INSERT INTO `t_dict_data`
VALUES ('75391251024711680', 'admin', '2018-11-15 15:10:16', 0, 'admin', '2018-11-15 15:10:16', '', '75388696739713024',
        6.00, 0, '禁用操作(disable)', 'disable');
INSERT INTO `t_dict_data`
VALUES ('75391297124306944', 'admin', '2018-11-15 15:10:27', 0, 'admin', '2018-11-15 15:10:27', '', '75388696739713024',
        7.00, 0, '搜索操作(search)', 'search');
INSERT INTO `t_dict_data`
VALUES ('75391343379091456', 'admin', '2018-11-15 15:10:38', 0, 'admin', '2018-11-15 15:10:38', '', '75388696739713024',
        8.00, 0, '上传文件(upload)', 'upload');
INSERT INTO `t_dict_data`
VALUES ('75391407526776832', 'admin', '2018-11-15 15:10:53', 0, 'admin', '2018-11-15 15:10:53', '', '75388696739713024',
        9.00, 0, '导出操作(output)', 'output');
INSERT INTO `t_dict_data`
VALUES ('75391475042488320', 'admin', '2018-11-15 15:11:09', 0, 'admin', '2018-11-15 15:11:09', '', '75388696739713024',
        10.00, 0, '导入操作(input)', 'input');
INSERT INTO `t_dict_data`
VALUES ('75391522182270976', 'admin', '2018-11-15 15:11:21', 0, 'admin', '2018-11-15 15:11:21', '', '75388696739713024',
        11.00, 0, '分配权限(editPerm)', 'editPerm');
INSERT INTO `t_dict_data`
VALUES ('75391576364290048', 'admin', '2018-11-15 15:11:34', 0, 'admin', '2018-11-15 15:11:34', '', '75388696739713024',
        12.00, 0, '设为默认(setDefault)', 'setDefault');
INSERT INTO `t_dict_data`
VALUES ('75391798033256448', 'admin', '2018-11-15 15:12:26', 0, 'admin', '2018-11-15 15:12:26', '', '75388696739713024',
        13.00, 0, '其他操作(other)', 'other');
INSERT INTO `t_dict_data`
VALUES ('75393605291741184', 'admin', '2018-11-15 15:19:37', 0, 'admin', '2018-11-15 15:19:37', '', '75392985935646720',
        0.00, 0, '北京一区（华北）', 'ap-beijing-1');
INSERT INTO `t_dict_data`
VALUES ('75393681254780928', 'admin', '2018-11-15 15:19:55', 0, 'admin', '2018-11-15 15:19:55', '', '75392985935646720',
        1.00, 0, '北京', 'ap-beijing');
INSERT INTO `t_dict_data`
VALUES ('75393767619694592', 'admin', '2018-11-15 15:20:16', 0, 'admin', '2018-11-15 15:20:16', '', '75392985935646720',
        2.00, 0, '上海（华东）', 'ap-shanghai');
INSERT INTO `t_dict_data`
VALUES ('75393851484803072', 'admin', '2018-11-15 15:20:36', 0, 'admin', '2018-11-15 15:20:36', '', '75392985935646720',
        3.00, 0, '广州（华南）', 'ap-guangzhou');
INSERT INTO `t_dict_data`
VALUES ('75393961887272960', 'admin', '2018-11-15 15:21:02', 0, 'admin', '2018-11-15 15:21:02', '', '75392985935646720',
        4.00, 0, '成都（西南）', 'ap-chengdu');
INSERT INTO `t_dict_data`
VALUES ('75394053969022976', 'admin', '2018-11-15 15:21:24', 0, 'admin', '2018-11-15 15:21:24', '', '75392985935646720',
        5.00, 0, '重庆', 'ap-chongqing');
INSERT INTO `t_dict_data`
VALUES ('75394122474590208', 'admin', '2018-11-15 15:21:41', 0, 'admin', '2018-11-15 15:21:41', '', '75392985935646720',
        6.00, 0, '新加坡', 'ap-singapore');
INSERT INTO `t_dict_data`
VALUES ('75394186202845184', 'admin', '2018-11-15 15:21:56', 0, 'admin', '2018-11-15 15:21:56', '', '75392985935646720',
        7.00, 0, '香港', 'ap-hongkong');
INSERT INTO `t_dict_data`
VALUES ('75394254255427584', 'admin', '2018-11-15 15:22:12', 0, 'admin', '2018-11-15 15:22:12', '', '75392985935646720',
        8.00, 0, '多伦多', 'na-toronto');
INSERT INTO `t_dict_data`
VALUES ('75394309125312512', 'admin', '2018-11-15 15:22:25', 0, 'admin', '2018-11-15 15:22:25', '', '75392985935646720',
        9.00, 0, '法兰克福', 'eu-frankfurt');
INSERT INTO `t_dict_data`
VALUES ('75394367044456448', 'admin', '2018-11-15 15:22:39', 0, 'admin', '2018-11-15 15:22:39', '', '75392985935646720',
        10.00, 0, '孟买', 'ap-mumbai');
INSERT INTO `t_dict_data`
VALUES ('75394448523005952', 'admin', '2018-11-15 15:22:58', 0, 'admin', '2018-11-15 15:22:58', '', '75392985935646720',
        11.00, 0, '首尔', 'ap-seoul');
INSERT INTO `t_dict_data`
VALUES ('75394604765024256', 'admin', '2018-11-15 15:23:36', 0, 'admin', '2018-11-15 15:23:36', '', '75392985935646720',
        12.00, 0, '硅谷', 'na-siliconvalley');
INSERT INTO `t_dict_data`
VALUES ('75394659299364864', 'admin', '2018-11-15 15:23:49', 0, 'admin', '2018-11-15 15:23:49', '', '75392985935646720',
        13.00, 0, '弗吉尼亚', 'na-ashburn');
INSERT INTO `t_dict_data`
VALUES ('75394705700950016', 'admin', '2018-11-15 15:24:00', 0, 'admin', '2018-11-15 15:24:00', '', '75392985935646720',
        14.00, 0, '曼谷', 'ap-bangkok');
INSERT INTO `t_dict_data`
VALUES ('75394759287377920', 'admin', '2018-11-15 15:24:12', 0, 'admin', '2018-11-15 15:24:12', '', '75392985935646720',
        15.00, 0, '莫斯科', 'eu-moscow');
INSERT INTO `t_dict_data`
VALUES ('79717808262352896', 'admin', '2018-11-27 13:42:28', 0, 'admin', '2018-11-27 13:42:28', '', '79717732567748608',
        0.00, 0, '开始节点', '0');
INSERT INTO `t_dict_data`
VALUES ('79717858308788224', 'admin', '2018-11-27 13:42:40', 0, 'admin', '2018-11-27 13:42:40', '', '79717732567748608',
        1.00, 0, '审批节点', '1');
INSERT INTO `t_dict_data`
VALUES ('79717920061526016', 'admin', '2018-11-27 13:42:54', 0, 'admin', '2018-12-08 20:35:39', '', '79717732567748608',
        2.00, 0, '结束节点', '2');
INSERT INTO `t_dict_data`
VALUES ('81843987719131136', 'admin', '2018-12-03 10:31:08', 0, 'admin', '2018-12-03 10:31:08', '', '81843858882695168',
        0.00, 0, '普通', '0');
INSERT INTO `t_dict_data`
VALUES ('81844044015079424', 'admin', '2018-12-03 10:31:22', 0, 'admin', '2018-12-03 10:31:22', '', '81843858882695168',
        1.00, 0, '重要', '1');
INSERT INTO `t_dict_data`
VALUES ('81844100705292288', 'admin', '2018-12-03 10:31:35', 0, 'admin', '2018-12-03 10:31:35', '', '81843858882695168',
        2.00, 0, '紧急', '2');
INSERT INTO `t_dict_data`
VALUES ('82237106587439104', 'admin', '2018-12-04 12:33:15', 0, 'admin', '2018-12-04 12:33:15', '', '82236987314016256',
        0.00, 0, '请假申请表', 't_leave');
INSERT INTO `t_dict_data`
VALUES ('82237106587439105', 'admin', '2018-12-04 12:33:15', 0, 'admin', '2018-12-04 12:33:15', '', '82236987314016257',
        0.00, 0, '请假申请表', 'leave');
INSERT INTO `t_dict_data`
VALUES ('99020985985929216', 'admin', '2019-01-19 20:06:23', 0, 'admin', '2019-04-01 23:55:48', '', '99020862912466944',
        0.00, 0, '年假', '年假');
INSERT INTO `t_dict_data`
VALUES ('99021020739932160', 'admin', '2019-01-19 20:06:32', 0, 'admin', '2019-04-01 23:55:52', '', '99020862912466944',
        1.00, 0, '事假', '事假');
INSERT INTO `t_dict_data`
VALUES ('99021195566911488', 'admin', '2019-01-19 20:07:13', 0, 'admin', '2019-04-01 23:55:56', '', '99020862912466944',
        2.00, 0, '病假', '病假');
INSERT INTO `t_dict_data`
VALUES ('99021242476007424', 'admin', '2019-01-19 20:07:24', 0, 'admin', '2019-04-01 23:56:01', '', '99020862912466944',
        3.00, 0, '调休', '调休');
INSERT INTO `t_dict_data`
VALUES ('99021300730695680', 'admin', '2019-01-19 20:07:38', 0, 'admin', '2019-04-01 23:56:05', '', '99020862912466944',
        4.00, 0, '产假', '产假');
INSERT INTO `t_dict_data`
VALUES ('99021341889400832', 'admin', '2019-01-19 20:07:48', 0, 'admin', '2019-04-01 23:56:10', '', '99020862912466944',
        5.00, 0, '陪产假', '陪产假');
INSERT INTO `t_dict_data`
VALUES ('99021382393794560', 'admin', '2019-01-19 20:07:58', 0, 'admin', '2019-04-01 23:56:14', '', '99020862912466944',
        6.00, 0, '婚假', '婚假');
INSERT INTO `t_dict_data`
VALUES ('99021437171404800', 'admin', '2019-01-19 20:08:11', 0, 'admin', '2019-04-01 23:56:18', '', '99020862912466944',
        7.00, 0, '例假', '例假');
INSERT INTO `t_dict_data`
VALUES ('99021497724571648', 'admin', '2019-01-19 20:08:25', 0, 'admin', '2019-04-01 23:56:23', '', '99020862912466944',
        8.00, 0, '丧假', '丧假');
INSERT INTO `t_dict_data`
VALUES ('99021556704874496', 'admin', '2019-01-19 20:08:39', 0, 'admin', '2019-04-01 23:56:27', '', '99020862912466944',
        9.00, 0, '哺乳假', '哺乳假');
COMMIT;
